Designator,Footprint,Quantity,Value,LCSC Part #
"C1, C11, C12, C13, C14, C15, C16, C5",0805,8,10uF,
C10,0603,1,1uF,
C3,0805,1,0.27uF,
C4,0402,1,0.1uF,
C6,0805,1,4.7uF,
C7,0402,1,47pF,
C8,0603,1,2.2uF,
C9,0402,1,22nf,
"D1, D2, D3, D4",LED_0606 (M1616),4,LED,
J1,AMASS_XT30U-M_1x02_P5.0mm_Vertical,1,Conn_01x02_Pin,
L1,IND_AMDLA4020S-220MT,1,22uH,
R1,0402,1,100kOHm,
R2,0402,1,2490kOHm,
R3,0402,1,274kOhm,
R4,0402,1,10kO,
R5,0805,1,24mO,
"R6, R7",0402,2,R_US,
U1,SOIC-8_3.9x4.9mm_P1.27mm,1,LMC555CMMX,
U2,SON65P200X200X80-7N,1,TPS7B8133QWDRVRQ1,
U3,05-08-1799_ADI,1,LT8374RUFM-WPBF,
